average,max,min,stat
298.1464583333333,303.8,292.73,temp
3.956666666666667,7.39,0.79,wind_speed
