average,max,min,stat
58.236938775510204,68.32,48.76,temperature
6.234285714285716,11.71,3.39,windspeed
