average,max,min,stat
298.62208333333336,304.78,295.88,temp
5.3652083333333325,9.39,1.33,wind_speed
